current_balance,credit_limit,transaction_volume,payment_rate,interest_rate,age,monthly_income
559.8590859279775,42301.19633678048,65.76328554593337,0.6690539382738758,12.209490102831078,34,17623.99265411162
9453.180725836037,10484.87420016264,83.58031510306691,0.2167110804018118,16.759832589276655,61,16663.25100846651
6145.138420172163,8067.75392234721,52.384195732825326,0.12709348499018705,22.59829253454029,22,9240.687446303757
384.94849550205583,23496.28114130171,30.657002117433517,0.5390508866896112,18.58133208991275,44,19087.061091607706
9156.97442057419,10764.308586479001,99.33224652687343,0.9392993905773809,12.547263535933016,77,14775.267526418365
6708.821611358169,17337.229995191265,27.869528664224724,0.30684405321785657,19.90429485381669,75,18987.794879816258
8369.494706333457,41808.5160853578,97.9313888635003,0.5419861564448486,12.774526957530934,44,14819.963693188856
7659.697362181632,22618.65641800232,42.8402905043473,0.7039838413773785,20.196473168567767,57,18943.020720322365
3598.187057457923,35069.57593497573,49.74022252011701,0.29010864832563793,17.202158440724695,67,13282.99227947121
5420.216469085436,33975.69140935088,32.84532897629531,0.2881534363361614,15.89110649309351,27,5418.825385898361
5472.69122326666,38191.20357150012,78.84154173901928,0.3406618250717872,7.056851843149534,21,18412.734251710044
2592.644728671105,20651.41435559869,54.53858174356889,0.9286899476170216,7.691525342082155,41,4269.98255021525
322.44615236916223,9184.578792040948,90.29207947816586,0.12319263888791604,10.141253843784174,30,4270.477844290737
3534.836698772654,48581.99499174727,10.444528454007852,0.5339188890278577,8.35133078609013,61,6454.333662196635
1363.0449976760813,47163.102036397824,42.23393875848402,0.28400353521784577,8.365571770154256,30,3006.674302308062
7602.676493597254,37364.080022251874,6.892945334429397,0.7680278684791785,7.6435931550774345,21,17723.616756413863
1107.646478941997,49647.11066704907,61.167460103019536,0.5960439657247348,21.591254313660997,73,5074.646713511793
8544.793609126864,32749.26415343321,12.378366708897117,0.6682770290965387,24.386436245683576,71,18933.5154662203
3483.991781808972,21557.3338085938,23.38640779371752,0.37762145334053565,9.115887539788435,42,19790.67020098828
2620.942482161262,32881.457970402334,2.737683973296262,0.3534544378950686,21.405066378897793,59,14730.10991003762
9760.935586679092,44193.61056857385,40.30448908248197,0.4154684808575456,6.603735136242266,53,18717.74158169886
3652.421792822675,10881.966953308976,94.32970759031711,0.32199275422486584,13.61071641826074,62,16353.569970949959
2696.414038568268,47330.566030190326,3.4941479819637067,0.9138189622668086,13.934529374052811,51,9638.696468965423
1930.0591097027177,5957.123488267422,9.090809228931047,0.33784863684277533,9.030567560126258,61,6743.926630942001
3002.1625295840313,32719.34526170806,54.37036072086486,0.23179263094253452,7.943265021898906,20,18932.42337901817
7346.740023932911,44282.56261443837,90.71920347158263,0.3254211089132491,20.20321859580318,24,15965.790580454475
6219.4695805331685,48331.709385691094,9.771866682998226,0.878193029672326,13.006256723459881,22,10825.62480937691
5081.048959942868,44016.417325510185,63.973508594544676,0.2934213733327563,20.688109464255945,71,9608.359153833662
4272.1030508657295,38558.02022290545,52.72850792747325,0.8597910927575287,23.521191196365308,48,18477.49162640066
8511.509167706374,13151.720729060613,74.3071370633984,0.3308167549150894,13.529994944837222,24,18850.934747917938
4045.196870533997,38421.79345399915,94.23084545027358,0.5265290981044924,16.76000926859257,45,2155.142046652045
3673.6415797062655,38811.87887130705,14.039787829330262,0.5432818426428604,6.368814184852523,24,18472.49876728813
6987.91202094771,10409.407491677379,87.8319675208007,0.6153465095938202,14.43479675036878,32,3299.837336033383
9500.254174210657,9307.154998407277,64.40712817540856,0.4343205363619391,11.251960498166003,74,14767.330288533825
9493.966818808,10425.509859977547,97.22852763352218,0.19123560779784324,24.851635909755267,38,4023.1464891682335
1788.1888245041862,31832.144531692385,56.96769520258938,0.47650047769205217,10.412878839635313,38,13268.984761654423
5076.107221741402,15347.957265098878,5.766140761856992,0.6469774147860873,16.12929274697644,75,4945.091674488973
3954.0265790155677,22272.48283698698,97.87402137052491,0.6249271530813011,19.972174171636645,20,11308.374056191484
9014.138765916972,20564.737562883052,67.40249887867758,0.9575335153022554,14.999179839295769,50,6782.340167592743
1249.1191410184708,49835.02622255339,68.97240143576808,0.2754776799102603,17.87913158895227,33,5807.121487071825
6026.718993550662,37950.11988843025,25.705073785101103,0.662386689646299,8.077998093875474,49,16543.23190596234
6103.64769062994,26988.943568209957,74.25050795592611,0.7092467046971536,7.160891187528142,41,7467.230832051789
547.6648340512752,13810.009355759574,63.03265859822781,0.8672926791213734,16.01063361192451,45,4320.24653132298
9232.743873655227,5544.881385569935,19.820657328589036,0.6111768675844724,17.698133183063256,65,14073.091857966814
5211.373448181834,37133.91194595925,9.622183912781377,0.4352799463835958,14.536777554662487,38,10941.38170410772
862.1011073050506,11925.315785293478,98.36862579880699,0.6519625163986411,16.53762402622417,71,16769.135076177965
1515.617652323075,25463.29350352366,60.691344771466696,0.6228553418993614,18.55091610367552,18,17829.07502252952
833.0420521674946,35584.12772118814,45.67269507391782,0.19531522396338186,10.518453887610937,19,7609.75249978368
3178.724984985056,47512.94100311346,54.33147799731871,0.7310256349757263,9.374277778130784,78,14285.211142091603
4709.420379511355,8953.9924615175,97.18173639920401,0.44904348092523816,22.43826122561011,22,4947.121241825078
3375.890446041227,23791.134910321776,46.929206304420944,0.28236937072180884,17.50660339908908,23,10601.612388436444
6977.495061458825,12150.86754512091,80.20034469460445,0.2900133483022337,16.4712656005342,33,3525.7907796739973
9478.105062156972,28328.360987534183,99.48711010262915,0.9825114043546512,11.603119006312088,37,10734.801362167189
6714.042852049397,29978.82271860288,16.007912405209836,0.7583468176388252,12.7361448410376,76,7662.577401453196
7533.623571135824,32771.52439718135,64.93641624236194,0.3241078624981809,8.397741464381145,40,18678.53689793086
2871.345579764834,14864.629431111995,31.627899068415427,0.6253422289582276,14.62555902438474,56,17958.71794704317
1589.127221924929,46716.5545158338,72.54798881212461,0.28971379139502573,5.451290234106945,34,16200.451333385607
3015.211019464985,44878.810120928356,74.4477363689128,0.7555337689056814,11.556763977000681,34,12634.481603322485
8956.067046251505,32881.52018569283,81.86116718405796,0.804968184660443,16.9485848514684,58,12118.60556889653
1644.345751328406,34645.25150198228,76.18042797937841,0.849547339109444,10.363487354898266,36,4051.385968146341
8164.289730290683,33075.31263312373,47.907173011396715,0.9712687433056602,6.352094989447663,39,15624.683212286249
3811.21873728467,7169.5417487250215,20.92989867442089,0.734625231013507,12.920019327712303,48,11676.460484927258
4332.656081749641,13389.721796491453,63.82365933748007,0.19170379078564312,6.631974400096768,27,3385.4452941443124
7000.455835853153,22662.21003830082,59.57801906832623,0.5268295188792582,17.96466937615692,54,6230.563378614535
5899.178254607286,23977.441709305494,7.577940591221713,0.4445188879927491,17.51301578854553,51,5793.735789738312
8631.677648033821,10927.794805455287,28.967110531312375,0.6923438418678162,16.929341508270873,65,11540.942105822855
6996.843156381234,8206.552749436636,98.13660583946717,0.2552714892517259,7.449957239319785,40,11436.584969679261
1269.831793454397,12358.574266326024,82.41981499315956,0.4315124924149162,6.240828339131086,32,5461.6839101183095
8962.547693103274,20640.718590754193,70.68185207179879,0.23684371068204263,11.241280893040413,59,16096.880522502252
6997.697937105091,22598.66914932923,85.8986714284671,0.48911160376301255,6.423113577558195,55,10350.852742188037
4611.001852578558,15689.485889344736,29.29257199706115,0.17610884028751406,10.223248650217204,39,13036.092303246347
8936.33408505078,16952.001916491772,9.262944413948945,0.3235386343328202,7.865629174052822,37,12483.831383989325
2158.0739259456705,29940.193135940746,13.658813321019338,0.4881715357069132,5.120940863679568,57,9128.980593838402
3015.0440314888983,40844.178093927934,10.291871197512265,0.5792536597743836,12.556784274543734,30,5146.063127748808
8436.977339043517,9563.937280214745,36.51283701628433,0.190880296135985,16.938904468263452,36,14845.885096018768
7109.9185201808505,27024.123363941322,49.269548173665044,0.14665221920775612,6.133608643316708,70,13635.332754105602
7286.961220815369,48807.00361298286,46.5754688489907,0.9470087312803062,5.513792897388163,52,18325.739331888384
978.1550841948506,20974.833762437178,32.44109273085055,0.35077875680353277,12.404643713691534,24,13860.23251834743
6270.651455592823,9023.495104051679,7.455254534788713,0.8946944423467957,9.666656452986533,51,8481.07823475307
3522.3903356888027,33674.06645637262,79.5211445256772,0.8438959667723178,10.82722145675489,22,8303.357437975299
1375.9092469154273,23194.344564693147,68.57910490111684,0.7862022628073816,7.614346471795146,30,8345.526343409312
5694.818517533168,8243.795119940301,62.611983197107364,0.19293850798754358,20.663228618473944,48,8511.829614606186
1853.3957261297846,13348.648206640451,24.711506821044274,0.6011905988548863,11.62704437472634,51,3926.524415798686
401.95247439658937,22861.547429071823,61.46722703650106,0.16027625082274438,15.805577863748422,30,16687.20420947372
6949.762457157663,25312.416094835397,80.68577090730243,0.7062808757274169,16.71175367745225,40,4345.767797102046
9653.766415598475,36276.58529863489,97.44524993781936,0.17104546265190002,24.91468904102646,52,12414.15078102838
5797.194360971202,31655.7647867013,15.07157525555231,0.6935596917766932,8.696767958940498,56,13304.548362251666
926.6570953168208,35746.16127303406,34.90234990463662,0.14801319729000795,19.61740691552321,39,9316.3289231373
3991.667474200928,17339.684105690154,60.237390945478126,0.41884419449549415,17.819310561975154,35,18037.529924432667
6045.116918293168,8987.019335582776,82.9231256674489,0.12133697828006655,12.901066757135919,70,6824.84937281548
1455.167737681192,24808.954907997075,51.871591956470006,0.6955468143795609,17.46420746136014,56,8251.19253750256
9327.970996587763,37234.552462820706,8.235074640674483,0.579062688356309,8.285736865448186,39,16558.390001020714
5407.354026806792,26563.184493337892,76.68825167081705,0.8223762811176367,15.274157104306097,38,10189.223835099268
9625.508229897965,49973.61765967999,62.44538750263382,0.2614204092603169,18.509120906728512,64,4698.366558448513
4636.703615866015,33033.496260356726,30.209030057761467,0.7231230302149523,20.27384538700641,65,6649.40772429666
2313.5988013425813,44183.90526517666,48.07905771119584,0.8536303717931356,23.98546212491234,65,2305.4443276783963
2795.8425325417525,41224.50498563464,17.564809096104977,0.5918126875553119,12.032997446838108,60,3144.8258548003523
3574.058624265579,33760.39720169752,32.08270502035793,0.8779899221815277,8.580632748831675,51,6217.851181709482
8675.143843171858,43213.80432043937,77.89434513856294,0.11094109432964813,13.169111628169652,37,17017.846323489175
2496.347187963854,38872.248780093854,24.747537162838526,0.6843900921191934,5.257949395790509,76,3011.8502982778127
6101.1288810637125,9809.461539263473,76.84547734676303,0.8281212762625088,15.361549960806895,76,17267.656313952117
939.8933694433999,48646.04207482717,55.817437050443104,0.4077147502949413,22.486146682741612,63,13093.233470374604
4599.956541200955,29502.00940823823,94.46016728871439,0.3493112718933809,16.069435524196997,44,14319.836499247534
1002.9404201820346,6870.778657267644,75.8651477810675,0.786072362050864,16.987194500843312,45,15187.028586327177
7228.361711806137,16460.177992072306,45.1086222354472,0.6913274484106966,9.823304286155238,63,9009.824241398117
6014.389711486052,24530.87147782439,93.35956139439755,0.3104315497837577,21.900792977932852,74,19078.228958454525
555.4261560153523,48865.692296605244,12.334276168524607,0.9013685654973956,12.6190369004695,48,15248.637207669179
1556.0274611974755,6063.736372085138,97.91913040230608,0.2756498654967854,13.213652660205657,79,2380.696820289493
1799.6249298982045,35441.0571751863,71.22276201878834,0.37649477531914377,14.780968008985663,64,10715.83650825755
4431.0017280349175,9299.089122560068,28.819445391962645,0.700491103474763,9.41302119243497,38,10051.44961254681
8978.205258069516,37595.246770793354,15.14472017260176,0.5406620158452203,13.54933056333378,66,3474.8919026866306
8147.719990387768,19008.846462020163,68.00530858688217,0.35053163349639094,10.375952300603963,53,4895.485282731763
9802.322495326223,22590.76981574816,88.97724894627447,0.8544073789736205,11.067710872582664,55,5689.626190866395
8117.757013960885,14721.718212931983,27.292700462902,0.34971821175245865,8.914252801992982,35,16372.16309092143
3824.969896756066,47507.63987633104,6.7071106377034635,0.6338423971355214,11.683854283462198,40,19048.752848114385
9072.908412437886,30677.438598747336,35.38042686402025,0.4358103565801452,21.083311299677682,26,18339.702385703215
8931.260896253421,49278.99415819227,30.4265429631531,0.19481093603319988,14.323631822551139,54,12250.950653334367
6621.066953027555,24737.69386353157,61.6447733661371,0.9170546624951806,13.282821364313325,73,9968.486635413845
2096.1104684726706,41628.66212777085,25.41375986282444,0.24651189028560644,19.84584462973894,77,3707.2854785568097
6554.416469075745,12363.071953625113,2.7826490044449956,0.2613279301653527,15.886897752686423,69,13581.721091311954
1247.1036892987843,47748.25327776014,77.42923515468905,0.9502626329047716,9.525448600063724,34,3188.995540798881
609.6396373748946,43276.177809240886,49.92703227777969,0.8086483240770995,19.578784002103145,23,3901.7062180807525
5452.287703940055,7338.707764316258,51.75410486968522,0.6031533564519419,20.10267234890392,52,3019.2600327960445
463.1637086169192,9350.440234102383,49.887590005235936,0.8133353318882213,17.914500867021072,18,8509.98949751077
7250.300427091356,24692.140582492637,17.409228202195436,0.6099447330149167,11.156383000522382,26,4570.141460021925
9118.17912648904,31107.75661522995,85.54223472858679,0.976044357248339,19.692166014210702,48,3610.51621058697
1814.6985121091502,44072.26274337713,8.937821394108441,0.6691521918955486,21.409751689605496,65,15722.50184672911
9021.46430386079,21490.769069212904,98.11775043810583,0.6335561624572992,19.845427845045734,47,10735.231413110876
5996.823532017658,7760.733219980068,52.278092243545316,0.74444497591793,14.160572331677372,29,3904.490447417256
3442.3901968959167,14908.24408774151,53.212562590144955,0.589828569502328,17.67423199531058,72,2478.950589398314
1430.705301695845,27776.383827810983,2.6778188240685186,0.8632983115140671,16.90732740313745,68,4761.4318830035845
876.718175288433,45266.749522723745,87.5480299438324,0.6910565362494472,23.817603391184086,61,5131.346706260096
758.3130469310972,18647.3816405418,78.25723623352707,0.9419360621747461,9.084842127368578,49,17176.607570535416
2599.1257490058056,25266.692131618332,39.37723174010906,0.6645960415816102,15.21140817457007,62,3951.206708899209
3807.947176588889,13330.981797737884,26.90886268985469,0.7054326947880082,16.439917565671855,68,14737.170543329636
4148.634149701272,28688.119742125094,28.19842102643243,0.5355904313617724,19.441321284075705,46,11626.390393061465
3291.3030652497573,33837.18416105928,12.900515682937048,0.7651602783454353,20.701278420928624,22,4725.387990849531
6748.574636368716,29760.19439703178,41.34676007221065,0.5360841955720098,17.987576404732447,49,9263.3598639238
6475.595478066256,27763.371182832307,89.36326452116097,0.24113143478512514,8.93376394625646,73,13313.07020150422
9966.704687031663,37226.78034004371,30.167320238273124,0.39362852623703215,9.93714055191466,69,15659.626419523094
5583.157415573076,39302.831064947706,79.26046963321362,0.5823415709669064,12.15622498671186,33,2239.0616622544417
3268.491050203056,34871.20374298123,68.03494333376592,0.7733655208439617,24.790106667686448,26,13995.33148450854
5169.721277162882,33431.60871575007,18.31326228041998,0.24354303628722246,13.882071138132373,59,15661.582973372551
4328.367107399938,29788.581677411268,67.12407988155908,0.6460585522456928,18.527221357454483,55,2314.967851772995
3473.9550485048767,20165.142939407884,89.11960648319703,0.9108648061214211,23.919417796911986,33,16003.729488276862
7936.6325328859,19227.02472395377,16.84246870985621,0.7879180477927846,6.968483782027375,67,19784.25131717759
5563.877703867407,41863.49867420556,81.015285790913,0.6226291760988565,8.075674110264323,22,16291.19152488063
5872.111453599952,6589.010972310758,42.24001701974692,0.32605234079356116,11.15358178955897,52,8939.945026850048
1283.9830347891868,47422.92983608066,77.78557324160742,0.5052288215286013,19.683025180832924,19,13799.179493230027
5807.51310759111,8467.622561044902,5.199807522482278,0.47633030934651965,21.236134367017726,77,9746.177126403305
1223.3878602818318,20384.247471740873,22.051793260738517,0.36026870166635483,18.450145253472982,79,15586.894250521962
5162.289748723284,26622.812626602303,95.10257420603415,0.8525059328865239,17.036134678908944,41,16754.186050048265
2129.3445246166275,37988.20832133537,87.71242526818864,0.8420243658440941,6.611616245730271,52,11217.59438057595
9870.180672345121,17925.754624433677,33.691291422278255,0.7084236592472928,21.937744488579057,59,16875.025608809992
469.74706861722274,10972.208931937716,28.787638336081457,0.8896154078195548,6.585605692623835,58,8809.68092897467
2298.8673236602294,27314.408078544686,2.248144477600145,0.8406854245375908,9.35782759253488,61,12734.236954941967
611.6490395692163,6421.376517153892,80.45598227840148,0.490125009480071,6.612308103392035,45,7066.59144411655
669.8317241647784,49398.35553314811,29.6352324252928,0.8534076650475869,11.30727486532235,33,5817.462274592799
5588.105119862867,13195.306205991468,82.29862997247243,0.8227018647620534,5.441322973645817,40,13340.336251138893
2919.9208943369295,17016.27215762396,47.64562199434865,0.34196816294397414,23.36795084163116,73,17454.801925684966
4994.761016555556,11675.444043294,46.39377787930718,0.13504421501889907,19.573125684732055,59,14325.052949858082
4645.443986758787,15437.619325218893,13.16914716807337,0.5348627769823017,23.69087761431031,57,12147.26782601719
3299.709027005477,8425.888677063507,89.1355472487624,0.655105247067287,5.3248688641890745,75,13261.698432946156
7793.754467681624,27372.86438037923,27.75452152094754,0.509287908297395,13.400220085913258,21,15893.048634141978
993.8687235386421,12234.19532217387,47.657429572418295,0.15055846961269512,17.142705617671538,59,4997.063846891271
5964.90423173422,19359.521295946506,26.396476181980532,0.7043312338004862,19.759018947951844,23,13692.008121625313
4033.144176547636,47990.060892676775,46.50682216986346,0.7597000965003609,21.37738541040943,55,17619.01675049166
6367.704427005353,32941.19829953647,56.483622467063554,0.39406828782703673,19.604983790591426,54,18124.683168083502
7531.086041244497,48641.94702853451,70.85300040173864,0.1350813885950174,6.960153695614821,27,11772.9280008079
2178.065371646299,43761.64983635462,19.96770162774775,0.6515162519828593,20.50469077798112,31,12478.606450665357
5949.840137563594,17916.715992871075,33.1852975277382,0.46870394803839344,6.932896685755045,69,18467.029099943804
9900.606300660458,9754.910791778475,80.90839819912337,0.8963696059264039,13.443844677613562,31,8720.35689857297
9628.228219926901,42110.643466631715,82.08728787230396,0.4340016445871151,11.854618508558143,55,8344.65884498032
2342.3081744595856,16691.161147887193,85.71798863167285,0.2444163528441038,15.637435330100331,43,11011.151582010758
675.0277604651747,36152.44540330336,45.52424440260346,0.9154783544331345,12.221494526820745,23,13590.343227219764
9005.788275418228,26660.486823589563,78.3508637189832,0.29120254947592566,6.076610498169181,76,17053.24363584428
9696.09510262908,40901.61419863855,13.35726058271798,0.5396460693939148,16.875612638869043,74,11756.27537263507
8173.068141702858,5804.327063003621,87.90517773705204,0.3439866283876592,17.06300240245894,21,9684.105100819448
5943.919930896596,18752.18969705967,23.81124954961764,0.1353424728174871,22.689574551935184,21,6720.937792669728
9216.334637911987,5942.523246391076,17.10727463704802,0.6525732756927094,15.235609131389614,59,19113.40483782809
6490.175729480961,48568.70425616248,8.817947056892033,0.6546704373331517,19.042149082275852,41,16374.005086350782
465.18077880987465,44538.34938598211,82.3420528733367,0.43160402792492103,17.995760935285993,25,19329.1865095005
5108.297920956214,28049.98643657035,57.38443817714326,0.6353626415517186,6.204538898005949,29,9976.292215812462
2032.9055792006404,34325.00714191483,67.11266363941425,0.45192958221465884,5.418682356534665,71,19639.198052449014
6610.3676337734,47788.86030126847,70.66491176861878,0.5634400149219335,11.155418105862982,64,11670.962126024686
8018.56703387842,20997.185469861084,18.979782807903664,0.3393356055689069,22.61790321089505,19,11948.670020819722
7011.800968795477,28358.680331129814,82.92437328852401,0.3578675940344107,16.985985740127774,72,11033.651558441066
1286.6671366034598,8647.079715844156,56.41581268019988,0.9394394573194852,18.236691702279963,27,6935.832004234646
8014.217201792894,39448.08045459994,18.746305578871215,0.1751724232120169,24.508207353694903,67,2179.446225221333
7993.22412121758,40410.65238148828,55.1111370611972,0.6927952194457903,11.74661217691531,76,9778.09226243473
6633.842055738372,47175.2819256403,93.89217702639978,0.5819984333917053,17.64792512931017,24,19713.610351397256
5002.251410101575,40582.54241775336,56.56105603996997,0.9736088908687697,10.788790432389758,52,17029.528142293322
2957.442477078532,6161.535812726915,68.07668447843636,0.9653430921167009,15.110415834469805,47,2922.0373352776387
2365.1018383670626,36320.92781242065,28.413544250403085,0.6305085905362274,22.807686417105323,65,18400.169025055235
1367.6538056819472,24268.982671652666,24.95123635123743,0.21340182507759486,18.434177184881214,31,15008.304340540759
976.075770314003,39523.47300190071,46.76726053906011,0.6432734805034376,21.367608495590705,34,19539.907591492556
8965.679962112385,26358.389408741627,60.972145695816344,0.8259985477241348,18.686284978506897,78,7137.273232341605
3805.2808779855914,35267.095320130684,76.42827944788213,0.2904723087128751,9.493147952835333,71,13205.84582832107
5381.2648105655835,26953.431976686312,89.12397260220546,0.4078968587772347,20.560926129663983,35,8300.123632517218
1454.5044460977178,8103.110736038953,31.668998061700826,0.45511508378703147,11.556856757716364,62,2941.991431411931
4615.0928437486555,47491.99201010453,42.460538588341976,0.15092709053204406,18.46184261822434,26,17788.29611417303
8699.131369075656,23310.85823252918,4.9064937561990325,0.7009845324428376,8.174735267486192,57,13612.701499416262
1378.6782099998004,28632.352265017707,77.12335542865645,0.15630835799750642,6.755764741163199,70,11642.401468208536
9997.204965532694,32465.020248991328,83.0184606454626,0.818463877488268,8.972891537948115,37,14606.261999598251
8081.392669951307,30100.25378165112,84.42847831389494,0.8163337484291522,11.049326349229393,22,15613.581745645293
1236.884564918115,21539.049003118915,96.38642484787124,0.4105753709619103,13.813297668485871,42,8069.824827313144
2759.905857910966,31469.102012677573,80.86265844977919,0.6431759258510088,14.3007266844182,69,11531.605070404234
4794.320907964519,8248.928404062914,12.981475048034111,0.6374397753912717,12.664307318945035,61,19275.422986315447
7773.814951275034,28802.171031224538,48.98493242587465,0.534735727803001,18.78175307496459,63,18752.10060012317
8243.118704939374,29012.11460270953,44.47583184674108,0.5185085657737849,5.478925305409669,75,9523.713539124445
3826.987332092691,34136.362136957134,2.892493348546639,0.1765931375078068,15.427540429474824,54,3820.981153035858
8697.832961389337,36302.81659235631,33.20421826828008,0.9520806202230166,24.041248932780054,52,11273.460070487847
5472.971989141202,45579.28964609406,84.52131674113055,0.39411523527199965,8.742485408210035,52,17625.76687760713
8785.993412086758,5522.924295864528,61.10186829315665,0.8134823022155315,18.193805458609486,35,4629.738179743764
4050.1267683142896,39615.04165271601,2.198208560834635,0.8411970039506371,21.392497390952897,59,2676.1921317916504
7626.255812907897,11841.118390789165,77.54104551794848,0.10925604634212283,13.379395475590488,36,8600.994354688384
1791.7871151616516,33843.74348053994,2.4546454768404304,0.7954942776985712,23.841164389771908,35,4805.327657925982
1494.4845017600187,31209.019619326093,12.731759736217004,0.8412612496740761,17.910687128210444,79,3315.5316384707044
9874.03368021795,15956.703345933467,69.0844822006255,0.16393140013960192,8.92588604622134,32,8409.211384144606
7558.444034063522,42715.18803416496,20.26775983378232,0.7435901451553301,20.98315942209564,55,9206.419283116951
4376.255684556946,46196.973391461885,3.160516280773461,0.16151788027896277,10.94574408562653,20,4401.494039417727
9302.338528053477,49768.98427263952,30.680252228958352,0.38069149218735276,11.417090854996871,41,16052.277344381522
6312.824992832228,5259.139722415471,15.730800971106447,0.9291767609916779,16.40573877462781,21,11057.96746745542
9051.17107548811,33073.66961044578,80.54479158639158,0.7993443570865805,7.762505862804945,47,19379.322528225795
1101.1144936156234,35008.89158957469,29.552138344055827,0.49806442490602176,23.44868567312249,43,8093.123829658512
9062.97135536503,45906.463429953845,56.30559724859211,0.3425606760630454,13.836674096039092,55,5676.616422855135
729.227667831634,44560.32384029741,91.01280038029445,0.6288272839984617,19.941565342580578,25,8395.111536264607
2786.3554145615694,49283.75611396828,51.73776222826284,0.1828602874742279,9.206371125715872,68,13652.15841871564
2765.5079863988717,49661.75759712688,95.12649806540247,0.36231482214441446,20.036502919133625,62,11723.910802015134
8684.015953943026,40093.29450020074,49.27903979350518,0.7510992961194207,8.028646287399265,43,18372.159692845424
455.8285105877467,28297.023952312014,28.40461647133927,0.16812975457880874,16.90459465438803,30,19358.358212647756
3942.882269444567,46056.35055275109,2.1589544623595023,0.8166173054872317,6.191741947062875,59,16938.91267782398
798.6305992642555,26900.10236411163,72.67333249114328,0.2691283427337907,15.822276497576894,22,6194.341359143026
212.40108319744877,36028.70379642025,44.96033117101809,0.5503235015940046,18.841011060794898,40,16859.627147367482
7049.472084851263,11412.299430568095,63.7762991062568,0.40026555625317906,7.5364804510083765,57,13931.476177423983
8341.182143924176,47482.6702858976,90.73730788109668,0.3760989395699271,18.94327384275961,65,2618.7834503310537
9254.466820957772,33467.98519102766,4.285746101680196,0.37882618779022215,18.643833785101975,40,7570.326376031282
2038.3322344140347,13085.73989916089,34.973567964093164,0.27183392656447913,8.267335167968405,21,13282.447341167192
6751.7381616274115,44299.53121373634,85.64798996037358,0.7583377237328043,14.380814950363078,36,19831.569269099222
9216.63676526495,35126.912983918555,11.08734641853534,0.17831549647250988,11.338852435345627,71,4722.757120328167
3740.3864502883916,47462.71640754195,24.947488997625058,0.11721606979355831,21.198488406057987,42,13317.212271079872
4025.7735449805746,38159.318522488196,32.828074423540315,0.8560972705952798,9.781327681500594,34,10239.763028674415
6670.344537090216,6088.629375110986,38.67125327711956,0.9764203720214345,14.50200681383441,70,2180.845658986969
7479.850794424867,21206.13833621836,6.183146998559768,0.2536375269812322,21.98196039917352,68,9333.341864384338
3645.810908525121,26759.554102396614,49.27515315705388,0.2394327800290984,21.237322480207595,72,17242.130033655416
4976.919130529409,31751.435083377786,50.8053111272038,0.4252634011604677,20.637818259937795,60,15355.9170402711
5367.923504126625,40795.248235537816,17.528355785972675,0.41609744861390285,22.228360921910348,52,11220.690149772689
6940.283607214413,40093.042781801465,28.648332756986633,0.6977974464900715,16.654288986893633,40,13626.702074414708
1613.305477924887,43314.12309852931,30.234846279611446,0.49436075192351003,19.187776436487724,24,5558.425456060775
5292.662756745522,41266.64300529295,20.72231221451126,0.20043369996152272,7.251809330583889,44,16184.632692350397
2477.4416259041113,11139.788865052991,62.85360241615084,0.39540979511050545,24.31277950533601,67,5567.534955590027
4146.468293871154,42831.636260504,42.525351401774046,0.8445719347635213,9.74966610338768,19,12030.532999731391
7786.488311345769,28389.827685020795,15.116820264108965,0.392761556525573,5.911703158973376,35,10043.7355136079
5404.169372340109,38457.87153312235,84.30330775539123,0.5523681183671174,12.599581579307893,65,12436.27118899319
9639.837773183603,46438.153151705905,60.298872309543846,0.8834742696424458,16.690862265189164,47,18851.178154997095
1161.002912263783,46723.00187657537,71.59155901279755,0.18439887363131485,7.746000654311405,58,10772.746542582408
1867.5921543379027,25770.086348890545,94.13766752980769,0.9408737027507412,22.673679353759795,26,9930.856053065145
2922.4421700690864,41785.23688210362,32.24710703257165,0.5041348911371133,18.94048332008599,76,4093.9710883987022
3257.858739908237,44183.74555726301,28.262736251286434,0.8002227188301878,14.665885699326504,54,16414.725797475505
9511.010754681805,17138.732518264533,49.07338026628038,0.12018330024584961,18.40868667593835,72,14916.104887673644
7097.887704091409,49447.50753812142,88.0786036402014,0.6379014544324328,18.650649190754432,35,10442.448914921903
8100.3917576877275,29163.84903020361,89.50498129077917,0.18225233769859878,6.797537034723213,38,9884.793366296908
2003.6612862058407,8854.621231839374,29.143135199824155,0.4349559297222074,13.106507212939068,27,8772.667927947594
6071.2058837172435,23445.720036332972,35.1888532722439,0.45360559800386113,9.081287770932011,62,14851.243061565887
9906.000905806666,15622.270850590878,38.08073581499201,0.3907246111786845,8.7055370066708,71,8764.781942142938
9084.908091868321,49770.85201908959,79.53287369338719,0.3328404779398969,10.918640588732323,59,6377.239644756067
6370.697189453193,31682.297067876643,65.77496268017123,0.27934330282012076,17.018240113181722,61,8163.112219325473
3353.778999162168,10494.946130451206,4.860605244916247,0.6889078049434477,5.480100896897778,46,3415.2807978156447
4740.062281970206,16554.94554742286,28.59722736904075,0.23254800719688185,13.593467267102959,62,4282.432384281681
4739.74035574185,35443.102359976096,62.99719782068532,0.7217955788957405,7.799747534435257,19,16243.592857628004
1003.7381001827222,44072.20762309664,45.946160498415374,0.13631574417372974,16.094636065647087,52,5146.129781900587
7631.7719813072845,32348.15576954866,21.17287945364122,0.45913178587819126,14.57056739839045,75,12758.282039422264
1479.6251333209589,31099.27043426591,59.47314556546914,0.9446768051258174,13.475402398618467,60,2584.7587404229694
4774.927759103298,15425.226562254953,38.66158074324867,0.32779138526164786,5.899936424708487,26,4254.522159731743
8569.059781708971,13979.410291811531,46.16741438659866,0.9174056398302907,16.98922279317433,59,11108.804463413058
2539.380129067157,24658.28161768308,72.12694078493246,0.4037088510678061,19.625011786947503,74,3441.141245521381
4925.568862670185,5144.821862192541,71.54951197675277,0.4601910482647048,19.758555379976006,34,15943.747156274316
5304.33280479659,32156.944996840466,54.90519895128264,0.30040847121077646,13.897048656550817,39,19438.66443040048
4661.709803523985,28357.690590872167,51.60178478448575,0.2645540018819354,22.93990578728822,44,6770.851173367099
3522.106104906246,9684.934222287484,52.49681933876437,0.6213830199957441,11.243794731382588,60,10874.54225285844
8014.162949199522,34289.48160712374,1.3781723431997277,0.22870101039915378,6.248626545555607,40,16440.9265486546
7732.575081550154,15380.141527299142,29.42665785037298,0.269686545174326,11.639430094716909,77,18034.978669213404
9702.107536403744,49445.060359849114,7.202667142080098,0.3588694561393104,12.83821125887818,54,11516.731757912947
8598.286243245817,24389.938564781267,16.291514975109052,0.8428740977115533,10.932249643141862,53,4962.189051728028
5598.773885466012,17268.08003300902,2.417212489038938,0.3694450363348135,11.128308987020727,36,3904.3373649103814
9102.271980579942,33165.11193966541,12.36211831505253,0.4632409021254321,17.387799387330038,31,4025.0563494793714
440.4463590406621,19343.862631943146,52.815700226062276,0.2019731542547178,14.35362424969754,72,14786.32701282198
2552.536796061459,27418.807240391256,6.062402762767972,0.7040417260417198,21.287735585375227,47,3684.06932442204
1946.533252958557,27836.04801923763,13.50020941488577,0.1948538962970247,6.89930550456753,63,6236.8987141704365
869.5729059533498,25857.231971025754,86.69213741683068,0.8974840917818874,7.663642513350468,77,16466.482133791444
7188.125065589235,31565.64607064478,50.25644536246412,0.2513832901898664,17.01890969075438,56,12169.14693774452
1805.9667248961355,8573.871604504397,50.172846858976705,0.5973960409990734,9.644493818026863,61,19576.813900661968
6238.720283692284,48180.9489944465,47.52883854763572,0.2661692116126323,5.198213909823073,45,13488.039470731006
411.14893829866907,7602.920445352836,91.59391677229728,0.1833629347462305,17.62750652096502,65,6403.790982884835
4471.151963596432,5222.299142048432,12.497757059852034,0.6070558156413761,9.73847987793447,69,7063.122143954614
9373.626888493673,39246.25561259126,69.72090677747327,0.8327131170320456,11.538820486733506,74,4821.6877157295075
8146.7157158492755,44066.401446987744,44.60369368092998,0.9830061170811422,13.193457385850383,43,8637.052798475226
3002.786639810839,6770.459330082934,39.036464585594224,0.3815001902893187,13.308860011841793,21,18064.44369113621
3795.762231169554,41800.33984356253,89.51533595079182,0.45573338388804197,12.642469889199464,24,6439.816043206001
295.13432376820515,33633.11092906616,21.500505111874666,0.9623062080274903,21.018774430828607,22,7002.040267779608
8189.013502397871,20574.487694200347,27.49167499606918,0.7756926842899501,10.411185129759827,22,18874.661103183884
3928.6799283753203,9814.128747213128,64.64530909581205,0.8935215506591573,21.249476420883433,51,6191.824630732671
9314.497523475291,42299.751464717425,35.241868613047885,0.9965419061489009,21.84330753300762,57,5968.468657988657
2753.830044146475,44449.28428226902,1.1459083865448303,0.34479874480992045,16.07986511006262,63,9849.268643947627
6153.396930803014,35610.2500643759,26.69463653443294,0.7649800094197294,10.953005551365608,19,8771.4284378532
919.706812458752,10325.12859155243,20.32881969269271,0.6165548794621094,15.913919376260516,33,19440.999149137242
9300.8222923631,10963.61027338318,34.397209130140176,0.7096538168999855,20.510105934379986,71,17159.487155716062
8786.972933917825,16616.00447155074,43.66753683081633,0.3336188043475443,16.32036849775642,22,18467.158697329785
5237.285282300091,33915.433979083624,73.16912510392582,0.9338174181605663,12.139648589373277,50,15794.323050033025
9404.338023773404,14684.084240775688,67.73889925807023,0.9182577376482272,13.88366813756733,35,17165.688129175465
6990.694987082233,27121.754603364658,43.61231362177803,0.28562690245253736,14.034789519628877,75,13397.216148123902
4560.386939569926,13164.725646303214,75.58936430343994,0.7065947873311573,6.631498512227319,61,19105.026025005325
503.21514295780435,34264.655885612156,39.00004942145297,0.7749800186068637,6.091308165653979,70,7760.290035573052
1915.704647548995,46636.17428370496,41.69846465746995,0.4006449691018923,10.196562758805989,22,9830.262698124021
9553.16627856562,48913.936511860906,82.55524803790817,0.8037639794421633,21.193500725317787,57,9396.965942301978
8949.53657220448,9938.128940487659,71.06441367648522,0.48696185780183954,14.214672004833478,76,18710.705935654252
1027.3802014981156,24455.066046917087,10.55691254934864,0.17519890375962077,22.958705868874738,57,14288.080744329667
1461.457347045333,29356.99604042496,51.75282056136024,0.7166208788870356,11.114879148945821,69,14301.72947283087
843.8640391845067,26733.599243840985,81.89568605954292,0.30347116390950646,21.78199397599223,19,8693.06212219555
2992.23202049866,46597.828791943866,93.74542374127608,0.7168994948997114,18.447676865834072,70,3877.635572333879
362.46197436205597,45531.58388050663,90.34287742129833,0.7265405306241327,9.409752788294984,63,12591.762328162142
2534.9815110066306,14382.973146080112,14.523489461466088,0.8552623554822687,7.108027547929245,71,7738.711811714084
4587.559464005473,34527.28269564822,28.96539565372564,0.6506479180928992,21.165364224325565,39,5768.271188913777
4966.997163656641,16595.729983004618,75.3666267330334,0.900215131546009,13.851546918656307,43,17548.213213370058
7638.955254002975,28201.82128606626,82.84402861440726,0.9916112413591892,15.938577519709538,56,19380.976964855912
8536.596853153547,32072.531906584903,11.98881178034017,0.22343363933746885,5.4027569789857965,56,6290.069791303945
1846.2311664116107,38663.29307432895,29.5996089520074,0.4461499683808914,8.115465211603404,58,6925.9949285862385
8995.686466418085,19562.459861729356,5.1604428419691235,0.8729350940513392,24.26959894948655,79,5389.445448507915
7162.160900257069,39027.34980028607,63.63847599611149,0.775239187544958,7.399058834619396,20,17766.79439935169
5656.644255938013,28070.982995742885,52.80963348827939,0.855821445997984,23.577190996911312,28,17654.525927329407
7575.858831168828,42793.75862900241,8.609345452340188,0.17404509184935568,23.634808066330166,77,7491.794362751479
838.0513724297311,20957.997093834943,17.305928989797295,0.3258037411219923,18.476777965400093,51,8521.282820003686
3767.6738176346817,30303.356714505942,43.94792453807642,0.29638678109695504,7.933902280303631,64,3841.979231613137
5824.973395862123,19690.758870979633,14.86238565777845,0.5196787805261531,16.047322756344684,54,19593.887315672222
1571.7610047558182,47438.41269851184,58.135136017793755,0.2450969307776103,8.581898786563631,55,10247.686494539887
932.6573805384746,11284.306464034082,96.1524130553517,0.7366573000296349,6.4546989555733685,34,2127.652629938678
4945.582326747874,35606.334729213515,82.7718430581001,0.4848412003330036,12.131923519724113,41,14658.99009918413
7317.170963605774,24249.791018113807,87.18726407955468,0.8794860702505224,16.50718346258197,22,18713.999592094446
1726.2313995168302,18781.412935397526,74.99699625307271,0.23542504390539773,7.407271524199722,52,15329.171381929735
9861.410531846423,36168.1678501774,26.674154834392354,0.823972653709726,8.617838027577967,79,16596.83346810699
5343.540725724464,18543.36051260673,79.05628698207657,0.8457000381154732,18.86844256112618,38,8381.867758914934
8120.1226073238895,43705.50787351421,39.06662143683644,0.10898089899260444,24.091318577176214,24,2304.430398588932
2879.6463881644722,43896.121242783665,89.33794731582557,0.29759853090682176,6.137627955552931,18,14360.21501103433
2881.53557696308,36296.0243010438,86.49120472893996,0.14679041677993676,12.096637110863252,47,13668.625173400796
1947.0435829717549,44485.738818367114,61.9145044819104,0.11237099861021073,13.131810747189444,56,15619.637888343179
8314.443856701297,36845.642063341205,71.72799224305298,0.4537935168034609,12.265107033516205,22,13077.72047059268
9334.011985204732,47998.56631797206,45.3835864815728,0.9778088201311634,6.828439836342763,32,6728.518586034836
9206.570602486328,28863.595996212123,84.95616687054691,0.17621950768777617,8.197595267328827,32,10292.819084268958
6444.659973551825,49606.51971659847,80.5918922476995,0.2579424646432217,9.136357862667925,79,4279.468259330739
8198.346182632682,8914.404196013456,63.8324560521402,0.7055845017382718,18.59266364790287,55,2882.0836094829237
8056.353561301233,9116.90768289897,44.59201841846655,0.7648508356539098,23.34536133155361,47,3644.358369024005
8922.316825610904,23186.314474296483,72.49218031013469,0.7296756126599095,12.108786747281234,41,12203.451799293704
2499.856350909294,11586.829647301209,46.945420785896886,0.31098304001036325,15.410876746097168,55,6654.0307455244265
2040.2303379495374,23086.8911124159,41.76478861686634,0.16928152035846966,5.802777181707331,34,19560.834544819743
4463.551194688459,29526.211350362224,58.58060700593016,0.3298027363869197,11.695780837813583,68,15343.55675031372
6279.0741877064265,49835.04519322613,73.20513461471164,0.10574113906593162,15.691184383126174,31,4824.247234630162
786.676878664138,15689.449621574493,73.18817526739535,0.725176863004355,8.689181021197667,70,8457.365189771996
3658.962397075576,32000.924665368668,24.505913369105823,0.6655838109531284,21.27446687444455,29,9293.548566355934
3185.9396532851683,15483.176363913519,7.6991678281001565,0.480455773204539,11.605693350041689,27,13503.941245904714
6296.01316557094,6804.913613561712,2.0029872187465942,0.3173505651935501,17.629175851660413,69,2134.3365275099495
3557.174788665343,44219.156276856935,45.25849883683612,0.5550707380797629,8.732798795953652,37,13818.128643193742
4515.457152283761,17698.418361194006,87.26998938489457,0.2452306225495448,16.946247566614236,23,17219.194595130088
5033.84095012085,41529.64046405619,40.38582592471354,0.5132116209580129,15.940906912311554,48,19640.098337542706
3985.20656348409,25240.30919695951,99.14146225485784,0.6957222693733104,15.247856414642131,37,3550.443887882653
5231.463558400994,25484.906708681054,44.89462142353958,0.11631163694115676,12.745488228496827,45,13281.560273761963
3769.3572559622203,24968.759868705703,83.53134623182098,0.9960679985489951,12.986651603984452,56,7560.519011187789
9825.548307395204,18710.561259411836,29.453550050092392,0.3529447751502003,22.727607239202833,19,4441.279088131641
7288.304203854349,36907.72337529124,93.24361822384883,0.29810019331427784,21.568773418779816,65,12453.834505059589
4787.3705307276,25818.033053269235,8.029758788792291,0.6209260790607465,5.967254220975617,54,9321.927474296095
7218.55446132403,13301.431391013772,72.97861939992362,0.3757895404330345,24.345423807405954,43,4283.710905135679
2858.599995942453,44028.239043191104,82.99667599128462,0.5089108807608896,20.596417680201363,38,16631.31748766164
2356.5581091652225,34485.88912875598,98.42692158461328,0.7594601273075486,20.84382389603352,43,17126.267196593144
5875.578768184592,33650.135697524325,96.10207057580678,0.6191716430194302,22.51809849999789,47,7607.221382251749
9698.88781486913,44361.57527078897,46.37176351133699,0.28479964483611986,23.68866077506883,72,7024.348473936854
1713.0508281061539,37636.59471868114,87.49616075316816,0.5563536820648465,24.15891719852275,52,15179.94571362
5462.178725142582,26643.78004487557,98.5009818734851,0.6935553834861944,9.539570789430421,19,6839.507809622119
5022.7602083346155,35510.72686515786,71.31403706370784,0.6260040187816834,6.888377953209619,68,4337.426241521858
220.3292994291818,30515.73174440005,23.54722387421775,0.11723038119715301,23.140839208300438,60,2802.5856692145917
7569.974453438355,36804.97475984506,64.05332942801958,0.6190321589719807,7.5388882750994535,29,14787.592670223412
3752.245031740747,36050.220086929956,96.44376323252071,0.3369226118662101,18.65080957534314,46,13473.244661765988
5537.343980590593,16119.64553045659,90.85348925309894,0.5935772466942064,16.612904518192682,62,9777.21113119912
2983.168487960615,6527.569036360948,66.71517893138332,0.8053838582356965,9.59987507926481,75,14449.581235519727
1221.056653823477,9427.804237102879,72.1147863618284,0.14748873207364238,22.19290690705213,24,11823.494236029843
1618.178890849194,11757.605036766874,71.46055776885882,0.2932262987170199,7.136014080047273,42,16002.369321473663
4563.309776900908,12834.920090033796,48.213110540329026,0.14531457427241792,9.93922333983785,18,11171.159718035635
207.29274965495375,41255.156882752395,22.57136287124402,0.9978654676619408,7.851131100662312,35,3970.6825892418915
2548.746207257657,35650.30342842423,15.14217844278302,0.419787773626499,17.308415596416708,74,11243.321601351861
1926.7580916281356,25934.252552767317,79.10431470582472,0.70548815297122,22.14461874739582,38,3394.7052779986884
6873.906962470353,7941.035335952407,23.306376065172273,0.16075229201543975,18.18845924163995,59,8931.045002941311
1826.2276471494154,29299.342087213496,83.86707139905107,0.2670820344111187,24.911378009813756,28,4639.062028877161
9290.353769618481,33179.91447341369,52.62312321531535,0.25452451693490463,23.694598309766018,65,9879.770989786313
7401.262356286509,40942.13862445585,43.441500077656926,0.8568178393626165,11.20616964209095,75,13614.27760195997
1690.7455952696012,46876.784658976234,65.51233628725038,0.24461162624066068,21.777077238081375,59,12682.935484793326
1478.793519367534,48914.31897095242,91.83109847006703,0.3444698631469327,22.228913720426483,49,3752.7811239440757
5691.927219299902,42889.934880052766,4.565863010851213,0.46288698051992705,23.35294555808867,20,8090.621586653885
9857.939495694947,32837.512019683294,10.9631103738298,0.49829096333327105,10.089626632365205,50,17020.24855140974
5472.181883605009,20778.211904413132,33.80335370320203,0.823183893516343,16.539632248353637,28,7389.616246455919
1852.4037943397934,15199.53810021446,75.1158781784938,0.26674331984499133,23.185053888739848,18,14643.176979450776
3547.7291235306734,25329.54554317531,92.99357730955353,0.8759826762923699,22.18223515293833,38,8792.272590145609
5076.931861915544,5496.406899289124,14.939491940374932,0.15004496951241458,24.886606053714296,64,13152.486670887563
5295.0886731591545,30557.535374868326,90.08350122303997,0.4640746470164827,22.91379888533233,32,11817.703103810836
8621.2327742378,23380.394588181443,17.429534634282714,0.17303426068261524,23.91849288064173,71,12309.864980365024
6635.954029505539,44230.260496649076,61.18261619497967,0.7898635445793262,18.445013745883895,44,12717.466429161952
5612.332498337667,24363.765270475822,57.6054628527839,0.2285577683328987,18.16204436112984,57,6823.950803918803
3694.5147343464873,18748.59397961106,85.18445211086964,0.5595226817136039,15.978192632801434,40,2950.866090354845
2958.0679940299287,30734.252205223394,85.79718515104476,0.11017228293012023,14.652024713230414,73,4107.159433673528
1021.7174012784022,8030.777066094726,26.7683988990343,0.3770162485126711,20.069442213191934,35,6541.809396747414
8727.459842858405,31103.879352701504,16.058324039005015,0.8897230419890337,11.819171428711165,67,11836.574498456775
704.6718025631511,49736.27125495254,36.66315796124236,0.6011064198353692,21.176526469833682,42,7124.145299236346
2142.703812217346,8042.565361649671,5.638338944232709,0.8431398564046003,21.92248421060463,38,14097.071047911237
3476.5568753975595,48334.640173654756,31.225756992976397,0.19938867706999241,13.054074419891204,57,12686.323158357198
5360.410852524665,47129.55108096604,57.63281569356078,0.9974641185126554,23.791371780503315,49,3261.2365229814104
7907.112391122854,29658.17700381618,7.158119390305572,0.8478542539495615,24.776810826073262,56,3181.269587200716
4768.604266646568,40134.27137307979,35.46146372366052,0.735621546299736,10.132944143721916,35,13307.718747674791
7437.094427971585,9547.061495479102,46.341580141353575,0.2671597648046671,13.373902866553685,77,13595.834287813123
5611.952640837905,43790.65170226801,2.9134354608425026,0.6092033993568967,12.862435964141582,76,5767.509365015754
6008.744204277204,42887.01050563139,97.05545386287965,0.4835091141570077,5.785301032973205,28,9394.695120213699
8124.477974740145,45411.37470274941,48.20750336346389,0.4470378332620001,22.931493169380204,38,13216.481367460858
7309.068686415673,11006.598758717471,55.09660129170688,0.8355747809919131,16.013209184731284,23,2465.1014999602016
6658.970615104421,32713.843468203704,72.55861601763989,0.7340989852247007,13.54972908180536,31,6951.77986806424
3858.954840855942,11699.96226496001,31.090308713247705,0.39269007664859024,15.933545297946235,30,3048.280954764954
7640.034191754304,44639.18416395178,35.4461997466345,0.15760571194775885,22.023014708519636,73,17315.34963179772
7524.60865695186,41717.61225358777,24.799492376457184,0.2047226366480463,12.6323299821827,32,10198.380296114512
264.2195063857759,49153.378011234054,7.894473668078168,0.33421293818670644,24.74672317159092,49,4596.320380125863
3111.9982052994233,13125.890530730008,35.38698929962543,0.7594291455312524,22.721722176270326,28,7267.791758013341
4240.606059277126,37315.538430192246,88.46301153562001,0.16031488397608898,14.432989815011908,37,3632.9758894609554
5512.431765498469,44154.44932554184,54.81028351692196,0.4578511406975835,22.01149056030232,55,19958.100738763864
9374.614419315105,42426.366965409805,17.14049835622751,0.589778796253332,22.959104323700384,73,5507.128849796554
2813.146684803339,7634.791815979064,27.26728761799123,0.7815546804479506,11.836980838345163,75,7765.377364941365
361.03304752279485,5340.329374016395,92.71187806627859,0.9441687082905048,13.147310484256646,33,14959.942447294032
1836.175658372151,31920.138232868245,71.71833693776476,0.9772215364436964,13.03752542473479,29,2996.4767048913714
6331.046517539099,41802.53972787597,28.30098925688434,0.2383219385597841,8.229156681284802,30,10981.422995974275
1030.421204424603,5439.688133863265,5.51922580473599,0.8943038890951125,6.171306105690677,32,4443.425355798219
1330.5425125068928,49265.55163685361,84.85902187140606,0.4985183228893637,13.705245593131076,40,18404.152691895357
6623.3470249104985,27876.2246112326,21.263330796671113,0.8913971941106266,18.921597231340783,41,3586.560381034258
2515.4974694529274,33733.66764488385,47.40802858098608,0.901769981484832,19.604434355144985,59,2702.1155737307263
2076.7704433677613,43791.9192945191,73.35127553309225,0.9500037244248731,12.939843244149483,20,10410.697928135047
4245.828196431524,49925.638012682735,92.17845758856102,0.30832769238876834,14.007007715615856,73,3269.9011467781024
8236.414586974526,36710.634323149105,34.698323321196064,0.6371666891989834,20.648516244255756,44,4638.9494064800565
6683.863078007929,14927.537872004506,70.02372880905403,0.8514524851249633,6.025269183519963,62,16606.386904730272
9420.5016068876,37990.08600868764,58.14278878672053,0.9451616315052624,9.535452506392915,31,14046.829251515028
6348.272397372903,23420.030284176937,30.691992039191483,0.3001251742733533,8.79872272915122,47,16983.038750634343
1066.9539286632003,37614.50471879427,15.973436044758522,0.9823318668479666,20.876362078160792,25,6680.86472454381
3621.1598930029963,31449.62123879892,70.41581629743571,0.8086347623343456,9.320628807861445,22,11507.198985614308
804.767619756267,16125.398348142968,67.62369561704881,0.8334457556864853,15.234148942294016,25,18501.60805613744
9635.903140462053,40207.346782622306,54.759433811808655,0.25275558571923085,22.592029934235242,68,19286.601943198344
3041.504984669433,21300.594874352977,56.645206645854536,0.1362322027083089,19.30250039633776,28,12664.88262517529
764.0571261454321,17865.805515762208,66.00647629707973,0.4759002962352953,24.62515154782554,61,10456.477786076268
727.4122076804007,24778.025988480957,77.2456629639525,0.952445316610223,13.302913079854914,41,8597.921372826073
6669.019982965435,24443.45973248882,75.67223236135524,0.1293931547060463,24.07265215659379,51,18573.875293449357
3456.3949313821367,7058.391521563079,11.987957452134626,0.41898245391374944,17.383454707316734,51,3862.551145638524
2130.882440771871,46351.694013779954,11.078564612004152,0.6955999592244747,17.553377543176175,67,4956.868090206704
4067.5543026657274,49310.13827860287,44.22480478710784,0.1952868863918164,11.274062495143124,20,16896.98470428476
8156.5706950987915,20356.152243177035,95.64866721758138,0.12702340479645355,5.129287155794211,21,4384.471814154678
4812.898981771086,6178.851883942916,50.12961653535379,0.4579159729897493,13.542100907206864,24,13206.35716099007
2323.5877471058216,49098.66482114828,48.60812451369789,0.44289214630155993,20.928811230469545,21,16841.307256398726
2656.6194441596876,29601.383572133152,65.1339271530623,0.5433121636779679,17.912051541168232,78,8097.193203939765
5707.405938939282,20053.007993386946,94.76197604374339,0.629516998884838,24.142696650795923,79,10684.875089497933
6371.944136532858,20080.348441661386,35.88511971435579,0.37094147005088174,15.977456030851995,29,2601.6243038390676
2668.2919909697957,19711.92273521356,31.115673243991807,0.6157379805571142,19.83132216933659,57,10374.99556296662
1534.4592337031086,36386.215775117766,71.4893880127473,0.7349147472551376,19.2427409176121,56,16066.317597584766
1610.1365248511872,38187.876175655314,90.88198058418232,0.9444841557861845,6.410712751859132,78,6995.4104882430665
5943.283602003962,11090.933702495848,40.25881451700636,0.14616446408309403,17.969291138004742,29,15886.520207472915
7960.84937377593,41069.17003473453,29.759946061470618,0.27154884976700483,22.32071350091513,44,7455.183701151829
1696.0907438146437,15099.82573264973,20.999551171846505,0.3178198719827895,15.005570704155208,38,2877.7937386365275
9732.804492049212,22891.747908325742,30.825260815240036,0.3173831575315136,12.296449404155974,36,10200.202075821959
7717.980038600175,32281.382198793985,49.793593860297214,0.15954866995099642,15.885146740305016,56,9245.474398822556
5134.849842530557,46748.852743784584,69.89401269871145,0.49061887543788296,8.492943717926591,46,17788.168417921184
7917.219613666083,27825.56639097766,3.3118575364904053,0.6613687763776082,24.134408677786997,32,9009.016034003722
7548.507841433032,47024.37578875572,39.410689234740076,0.11294330146487652,8.541645107945797,62,6469.174633355227
1257.2906030128042,29088.955915366623,39.42840490657256,0.9060065633186548,11.824888995154412,39,19545.681464051515
851.0469482757728,36281.50493214172,8.10580481642479,0.5085909200797292,12.87110672212631,50,17739.164570749956
6970.08960022429,6729.185703304625,5.947923837308195,0.45956690612824136,6.363732395309254,68,7754.975288117376
894.3140820502579,44062.55105483527,71.60748144497916,0.7521384581628661,19.50743200469715,34,16448.55329604839
5439.4881949649425,10828.171457726188,88.35922047232653,0.2929658346938481,19.29437667004072,41,5358.621743717015
8958.790769233723,40945.24560981494,94.62411655302795,0.35871549840752515,16.123813852600232,58,14540.401781717545
2471.662717603027,42665.59977636524,18.202397720438636,0.3235452478688868,5.000614376907649,79,13129.130378246957
8281.928914466642,38138.09067795382,31.810532011275964,0.39397532448331984,12.162794330582889,20,19722.366134770036
208.85870371895675,28277.10753987242,11.14908044258097,0.1149332325693381,23.819846451488743,56,2739.482569199995
6668.667514169752,25065.621786953674,85.97582600311297,0.7735202682991658,15.827488418148764,47,3883.887926236661
6494.580689182852,22864.168268342753,21.98741141516715,0.6536162264870798,8.783915847807098,26,13265.141509682764
9614.596142947606,32582.28121225365,95.14193085575229,0.46697329450245906,5.862002178966481,67,11729.948157000636
2560.0424841632107,9413.716135291006,63.461257232687174,0.5783094227703748,20.091387224114733,35,13749.106227990034
6051.038616257767,16235.060398663367,7.471249598874139,0.7066179271529134,18.593944336666905,44,12392.36122195402
9263.128277777085,13333.800554036057,17.005472187459226,0.41276691578237923,24.10896382876135,42,13125.853380110544
3115.67631481637,20294.373369562978,12.295482703905403,0.48881703483505545,24.545598651328945,55,4441.9064088868
4299.797891545065,44100.72430154232,56.21317379875435,0.7097784524953162,21.652235466522622,76,18155.58187739751
5417.354764003623,18640.776017539785,37.50200991561473,0.45807913271568446,19.349299812238243,40,6583.947786019314
3237.527851047149,10633.36064911477,83.0993931323588,0.20548351511221008,15.118633086391169,20,6551.073212425206
6410.5560248322445,29358.33508854817,30.055393497604044,0.38904593737235815,16.732478365673252,32,4166.806691099609
3900.523091594793,5863.652457037551,58.251541542615705,0.697171234522107,8.7975065819184,49,5878.3323309631405
7858.164826137317,12560.639348518853,90.70498921111721,0.5842204348275126,18.497864061083096,26,6382.406793201682
4896.777553391111,48093.13780274211,91.0843712415848,0.8866645959746666,18.80645693801458,23,9388.976846552829
6685.452484892381,28716.865876024323,6.7266004952689,0.5020430745326683,19.480583775458424,44,12920.89163546007
8571.39503425223,23067.24421375797,69.66818768990572,0.5781646165158387,6.114817071748835,55,3075.7209352109194
1486.8317508415878,18966.288151560817,89.35980570552977,0.4773444950494198,13.296513110427039,61,8755.784223914248
489.19018442687945,44603.55894026562,84.09451074324423,0.6141344229433876,11.784813223476727,63,19990.292259074115
2236.6281722187473,9705.552815048011,4.635414887581293,0.1666948803173804,8.028910438707147,73,4997.69324295086
6355.188400481013,28902.628760046442,51.04005667313454,0.8053644259677127,13.215776199992234,58,14121.555120405788
9091.832271069872,36876.33395217657,34.1855966897164,0.6672224975105421,7.364372445821772,74,12417.616574479987
4673.857456076914,7999.3418252310485,95.1915512258214,0.2068381859582003,14.859139433117202,56,9967.787268687796
298.7048579994911,29298.07086262518,30.507168655304874,0.3143319882991267,23.914994044518604,62,3132.3345683244306
2507.4046908945957,49631.44781072136,83.74676686314109,0.4628895698654405,18.800937768188994,38,5663.199949973956
5249.618661008734,47813.150399299564,35.53323286297845,0.8234244014351276,23.655058781206264,30,12309.905175267962
6562.18646773356,5419.922892219199,51.185123358221624,0.9247784900788596,11.858593255183917,44,17425.102337648987
9509.073692357932,22485.114557165558,59.28442069100066,0.12856938883568977,20.604252970712672,53,5102.954517892992
5076.522329965729,34630.33255962915,36.422028267218735,0.6998167427741522,13.040544337764814,73,5313.823820497226
6134.686906400979,40884.17097231177,46.467254520148174,0.9058114802378523,7.0686822972096675,38,13310.24811589
9389.570522528275,11401.221590923828,89.9574998628091,0.4090480319598798,11.900336798491322,18,5140.972755163193
8365.809344313062,30266.806458178566,66.44041117048471,0.26306495114507455,11.842652002237898,76,12714.983139872982
3831.7498513065852,23635.838863801717,8.484899021058327,0.6201020014246795,17.426612483114145,66,8074.586822833494
5750.705216222228,25124.114322717603,66.07799473484273,0.9195451454929796,19.407679971728914,34,2981.1669934469523
3808.664884802065,49444.230368122604,59.772418329645305,0.382444127401974,21.518646171000324,71,11324.276280353355
5875.35077446188,34603.03870713662,57.368358757045996,0.639371904525494,7.7043462742570945,48,2897.4826351849565
7405.179475288108,20160.31062969981,95.55099063701391,0.7765722931562564,24.01065641908818,30,12877.47955678662
8190.499781992036,35954.8575035366,87.24924374404215,0.4211973776539992,7.566517243775291,57,7260.481221308982
1189.514052824,41428.223362619516,42.35833694823487,0.5130464649371383,23.00528222404141,18,12580.372088690327
8990.737465463066,43093.14524106251,91.90566958086828,0.9446339423927391,11.851821656222636,23,8421.868826286522
5083.830981463083,15517.043685969486,70.99067225811591,0.9344114036780043,24.125837630267227,33,4045.6286965409495
3078.6952671860195,30457.9383798106,32.12066120519109,0.5844987489301421,21.63036666224447,27,14171.523434417706
1746.2053506851862,33627.98141187047,28.13308734487691,0.14556022504216673,8.728396097079491,57,16830.134869243957
8981.391573530513,48599.50348785612,86.59179734274433,0.8886874898280803,10.690827713538676,68,5037.489891168132
6934.908803430716,29300.536157202976,7.20627254056472,0.9729338728106718,12.53352880858925,73,2070.5307491196786
7978.3474274174005,27449.966905311023,8.022289397243568,0.8124023823322329,12.834849011245563,79,19378.075422811184
3665.8873499715028,36025.92361117696,52.140690216151924,0.587584867840807,23.160370908433247,63,8160.059446020282
1120.9263014757328,12516.885855542743,34.71981249154788,0.16053032257063107,7.465675585978937,51,9540.625246272535
3248.2344022214525,43795.74277694528,96.74553491065787,0.15627366616856117,18.9566557101034,26,3026.0429759348117
8785.659598471711,46941.26474795079,31.090693722831656,0.3249612517578591,11.304788692989016,46,10063.48981487942
1700.1242695366764,5995.559818804876,42.83229440288252,0.2744767611432034,7.510995797969542,63,7428.5636577239275
7091.798048849312,14083.405345532676,54.599353127410936,0.9353638883025563,24.850292403239425,41,4873.994288608714
4339.023068341412,10906.019495707442,7.3004500193775925,0.5501014768689643,10.017581997814005,22,7586.676003946161
4539.610667585366,47147.256153273265,96.43772330465254,0.6095626221025637,14.792881520640652,31,13060.990284593465
9845.581588965166,30229.704248727692,8.767125815395271,0.660478062915857,24.231014642751326,43,11705.48829429166
5741.907880226034,19610.416710052697,95.83547798462027,0.36994786279932035,24.842712789571657,71,17186.249533969596
8192.691261210566,48113.30660537211,97.33473813426095,0.5626858982961338,24.316646394366654,61,11092.080003392115
4247.361950095024,34541.53732991762,92.03357144094892,0.3729573017643546,6.748930035997709,68,12732.654354188639
2458.0095323625924,16100.548903473036,41.53179510988481,0.6718729211757188,18.67740249818064,30,14315.763353392758
5156.398295517901,16688.92026921468,43.3214791041409,0.8546426504587223,5.022241883923748,61,7881.300030235405
2500.4579859838236,11858.720599868784,76.34274123482751,0.13605320714562505,18.2462747746144,42,12435.885951724633
5101.998487233785,6650.214212009434,41.55326059462797,0.9990033508299615,9.916948849868007,54,3515.8342011877703
1897.8173963341142,34670.926499260226,85.52470724876204,0.8208826303630284,13.347895646582959,31,3498.637844911378
1195.2541958565516,25675.1045782694,8.547682579382883,0.5920261138649171,5.139645237606962,53,14844.932592742487
8784.285354049773,44897.189685821,78.73376477169244,0.5238642271912601,7.382813439920963,29,14962.004003269023
4153.17535669328,21573.928872808174,96.71770448012926,0.980519308351171,8.909160007367998,30,19056.172273832773
8507.311763892361,17296.67871491942,12.145458650781764,0.7591609441525412,10.046238541393741,50,13804.77381189307
3288.583739273465,42891.49824693896,11.43112730283479,0.9175910966914378,11.258390960576452,72,5372.2422438822
4417.652638439635,37493.19221912317,66.64167198853882,0.45563976772507453,23.329783022310284,23,6829.169607699908
6314.309725407037,5545.434858975197,26.730592945040453,0.38249026886352455,18.511735471348775,65,11015.778906012785
9350.233446213248,34761.67749816865,75.97371050630944,0.4881104828124021,6.557130392175392,41,2527.3899758615307
1487.1204400878803,23567.98283818807,30.990159658402494,0.8248870387413811,11.776469648456146,66,17869.43628515739
6220.72223814993,12888.632406094683,38.354487342356094,0.3247020574662072,23.900481291611374,74,18797.472506882328
351.32492103741413,37976.06951448128,78.25618479768129,0.13772369504463178,10.997951859890724,21,15367.44781427043
1601.5813093542367,25446.98005519824,15.583001383618063,0.2079019841254409,14.664641517508702,66,11889.412977097361
2892.1422684559343,39806.29065589703,37.74606992032513,0.3190570148966774,24.195820408097003,71,11594.995221704801
7352.463762381478,17288.186448776556,78.83435957384474,0.34771526293330746,15.500986804907694,27,10843.947774418355
7284.623133044764,39419.74676939577,89.41593031434608,0.15615466173844952,23.82948475012131,71,17410.765195903885
7054.592431472382,26597.247562270557,70.56074353546612,0.6046104654450549,6.22892580261575,39,13741.060030732033
3418.452692294419,22187.283784380317,36.3459050530312,0.5296153583101612,8.984393716741529,77,11685.703954180004
9867.731827161637,9225.532210523827,54.6287764285904,0.5749097195995255,21.612455208635826,59,2807.4900372989064
5878.195507323633,32877.06557043265,58.15062389407999,0.8766971482229848,14.76355350621628,72,6557.580326230584
9304.006758191474,15071.792667018039,19.238259084564586,0.742647451040314,6.387881718083667,39,17187.118268784634
4311.820742302526,27615.47344085491,59.91803581566247,0.5722620738952889,12.143846679860896,62,3627.5416002498932
5811.348457800955,14589.711681128749,90.38660452400674,0.32081708274959,12.172431639071828,40,14451.997504555682
9466.543075122963,37669.0959493383,35.951988768429935,0.16309732567713126,21.28767841338163,34,2501.138922726553
3706.271624375947,41016.04285200627,28.34078622426905,0.3571368108948013,8.656267770784519,45,2936.427590530044
8977.97770380161,44508.84442002813,40.11795985353882,0.1446529360049537,22.585591123140134,26,2395.6726665732126
6861.767056821933,27152.503540161564,43.56317666162467,0.6957720503144817,12.955868818581964,58,12185.332173392093
7732.030817083637,41118.94894080697,24.262367094599323,0.8250839248270078,9.847073902735247,24,19388.386264343753
1862.556072010539,24773.22453625035,91.92421678239546,0.5280365726398075,12.046541085050785,23,19431.54434900734
4975.9251688067525,6401.033729803012,85.37412356472696,0.1519589433026055,23.226783801572616,76,14137.284326600444
9093.66055720292,45280.29833179414,24.95573590138749,0.19400906629013626,12.53733760694377,45,15042.042364858728
1209.1851314637183,8641.367737306347,37.410812787859136,0.2561464453195198,5.9439340339475795,79,4621.315640697621
1815.6137687013731,37921.52847898994,40.06303148416699,0.10478212810151136,5.805710375559969,38,19932.040874803497
7912.7952622126495,40191.26394516737,43.840184465950756,0.6372196214919905,22.460862940304068,73,7421.1605659524585
3261.205012145107,14262.854451654572,69.13914934224347,0.4700723661951274,6.53516123777476,79,13664.545724993855
228.71904275628674,20992.305590858276,43.0975903583317,0.5862668786112766,6.795190011203143,74,8340.157551273416
6846.8769500169,34259.0491579169,30.037552467275905,0.9670242884014342,17.97494227790036,74,5426.872153346625
9408.27939010708,17457.250875577323,53.862779782228614,0.8396478519268233,16.432152989658878,30,6260.968565368993
5743.605583884713,7889.402168381033,32.37771219132081,0.4526734358692234,12.094571134604253,75,14978.983896161693
2398.9056819534912,23726.929918089267,62.61895051503367,0.10619016599768438,9.654566978311037,76,13942.82621231678
7499.962287524189,29112.245801288656,69.01490738382103,0.8836021307129659,15.011586348616625,50,10394.742701081874
5165.6066769450945,34921.02760192481,1.4319636953805996,0.5124912351288179,21.04792061107265,38,5026.125756759052
3818.2712311354458,30184.190756911135,47.77684214564484,0.8694766176053269,9.1766187098918,49,16311.985085481045
8464.2655785976,25038.736475119946,31.325036379043055,0.7847661978377035,12.655682008060811,68,10120.341256361145
7377.203333658469,34553.14990435815,32.567815013792746,0.13030876348701761,22.56067025688914,46,8037.322642934245
2725.5034400490817,23887.729261675504,2.2279995914541644,0.24917335926869866,16.66260438199167,21,6789.824633671555
9152.678264657101,38104.84014076354,46.70989823749879,0.22191358311522175,18.475124595681795,30,11686.178180716637
8711.97398441507,8697.725036439231,56.943445932822875,0.32757230642510005,20.388851588431137,22,9356.592120876812
527.2831283107035,44533.20025856065,91.03600648278696,0.6487276826373544,9.166307800170358,72,2252.2613154690257
548.5096967432407,21696.74433430712,36.83007909294863,0.2820287624720814,16.093740495767342,22,10197.108294462934
1709.907699514424,22947.02514036052,11.817156820652519,0.6603674802387922,10.712519771244862,61,11832.456802355317
3835.1132147357644,46715.043556593286,70.55150965194589,0.2867868425851331,21.238924692757667,55,2905.812792823951
4404.790652177087,27340.75185598849,50.97476423214829,0.5050527754836027,17.00502820199166,37,5621.15418119983
6371.434376278858,33904.648665735236,75.670577708526,0.719241001366716,19.87810374604304,69,2378.6642442884354
8937.44993966205,14111.625207435683,6.408807580096257,0.5356185152584637,8.233891065479737,73,15714.818763375748
7507.770934798218,37879.27296076607,32.021443840929166,0.2576108261173179,22.173962424891478,73,11713.912200256744
1987.8084345702991,16350.845907801271,51.08983286575823,0.1691227434829794,8.840321694800735,54,11066.949822619214
6106.478959190274,18344.101157944486,96.05342483613927,0.9852104858622968,8.802575326374114,72,15023.622319959595
8916.22007932496,38987.16892235636,36.64499612419686,0.23904298360443324,19.839554590279718,62,4449.012219769573
944.9617139785742,10467.561933541314,78.96735950001914,0.9740358166314572,23.955593959384597,75,14124.976975940512
1426.7507616613432,32494.144498294627,52.73508333433777,0.3462763760746945,18.26054407446295,55,6299.212887264925
564.963071073045,23956.16239823324,86.30739947494718,0.47766464452612933,17.69488282208059,74,13843.098401682662
9273.217489098795,33888.71751994697,60.74581650829449,0.5404532836659298,9.193805548604017,48,9540.793603711028
8734.026698547099,8815.640722061145,59.76253260249981,0.6928458748543199,11.408025722804298,31,11467.038384226269
3319.314888064796,26033.06800624414,50.28343829539473,0.7121006969022754,6.198866017226166,68,13920.178849932674
9157.15746318244,39691.48300898234,58.697876673265476,0.5868145034542728,20.125075828448686,25,8891.001105831834
1628.1908812146028,48340.180021512824,77.62514643712349,0.9398845789833756,7.767431894411132,21,4219.73283935526
7309.34185125741,6316.127736555161,75.13380735936734,0.36314479937097377,16.314899012265784,74,13528.050931878552
8399.454176640265,26864.229163384654,80.639283560271,0.25074198018469696,21.20322179919405,47,17726.20462209348
8103.133746352965,36332.99491451629,35.60113083659506,0.34868719761926825,24.768419879269622,28,6634.625896864447
9545.105169861352,36907.08177750947,66.19551105133543,0.2894562456988087,8.436589207153169,21,9095.428902798343
6807.887182238596,32761.7113269084,68.94639247192364,0.6896563430719043,8.53793901647968,59,5810.858698663475
4373.429507673826,8943.923604372734,76.98919522327391,0.1274173176780641,12.667942821165179,70,19758.250834027876
7250.442625371025,9463.014481424716,33.88691227844485,0.7771580940734091,11.32202623093941,41,17720.500121145884
4773.462756588992,25724.2773773363,4.854066369241077,0.5955970414967664,23.761282791362625,49,13952.220105216842
9969.05509327488,13886.17204369718,25.849136942967725,0.6059699299580726,7.823981270743698,68,3168.18703169137
2143.570590429972,40487.67341025829,76.14152296967117,0.19022100735058897,20.878702669037025,37,9302.85963525706
5278.347705214282,24173.752275066716,95.82119029783219,0.5513661643151497,23.576159213757705,36,5002.172033306135
4988.576404007468,12943.761440247872,79.4925874843501,0.705214448222526,14.30673867878972,70,10082.67968665931
243.9921901120311,17366.271599666125,8.217281701422447,0.4767465474264969,5.984418290815232,45,7816.613911029511
9410.539985093852,44088.04255800248,79.66324959131883,0.47419759317098975,18.51325804414146,70,16052.587475089316
7501.332863744886,39618.72021386029,20.387475329292734,0.7813433032287629,5.711804616129528,27,11897.784580811787
8637.400716592778,14753.291004084904,23.37687078378397,0.9005673799393868,20.20011089924197,75,5707.7873153925175
3304.4244404020124,12867.738226718564,53.56283016279729,0.8441727048754778,12.38272387618409,57,13704.591279685908
1263.5098430933383,22723.898254437132,99.39099050107012,0.34775939210667417,13.054789694936614,57,17302.38922433066
5653.285918200324,44789.29085067835,94.8211145704826,0.5549578843508776,22.723425881119862,75,10756.689783183612
1084.4697883175172,37690.77718008522,81.27697951978392,0.6668385889912369,5.50697208527877,36,17883.94144425647
1104.568274373718,35748.29194729273,28.723695625498454,0.872887851414525,16.711274575866035,78,4589.623394179936
3782.9790493485534,12639.105728939332,43.622404507758546,0.8993063700406322,17.91144362854856,48,13213.172795300872
279.290819826321,6875.280527107292,44.26259268089647,0.12919910144246827,10.961324023400083,60,8612.129274991039
4347.040871012681,16192.142266443345,3.5193282306693368,0.8603842129797061,6.543750604529359,42,9313.980157347822
7648.340988832836,38181.06848245098,53.43631267061637,0.6364737597144754,22.150612155038473,48,5508.9698414628765
5071.730602279302,44911.62050941713,56.843328854518255,0.7432779487995512,20.270316873364244,79,10383.060398014955
7490.264910668439,35622.46859336209,28.870598643078065,0.10179292169716325,14.962598870960848,43,16786.482549971435
1644.5845403801216,41295.25165376524,27.92302288673447,0.6145713848293738,7.984989394829478,65,15819.763118858078
3486.609312287484,21914.97283155962,50.559753544316045,0.24796497617099086,19.12743993619992,51,12127.797612249364
2193.335269265792,28443.1089772419,78.40056247114862,0.5212621488108611,22.17012909103109,37,2584.473890451469
2653.0880857887028,7918.411751733576,39.9263249017643,0.20834882091018012,23.384160621074503,45,15011.10567020382
6316.213855959987,28983.100394810088,25.43556305098832,0.43709341904162313,14.72347308209766,69,16161.014265203734
4447.435594845162,21549.170789478034,96.3140666750674,0.7784812744389217,12.496498486999954,38,5131.593191392464
1224.2201627763272,41269.664739882115,8.687284132488902,0.17446315205637092,5.277242718257202,27,16974.947750384938
8434.104889906894,7803.130915852821,30.98865715448607,0.9357675059038547,5.00454076436511,32,17602.786742392804
6719.567877251867,42011.62536354624,38.530310818521684,0.31323999241598377,10.965449084682454,70,6381.967101777393
351.6493547665424,40081.3013105039,79.99350180197351,0.10748794800447281,10.17183182269568,38,14073.770457974642
4298.893645893621,20736.64533856323,52.624504233425725,0.3337037550553726,21.425003091194085,21,12389.36017201956
7973.146387412913,49851.35842338396,23.59530098587621,0.18312447530024067,21.87758822461858,41,18556.266292029854
6258.658332255947,43825.86848944528,48.16726164803537,0.9905060178685507,20.160808420224328,22,15671.362676904993
3953.0966194682146,42987.670203613874,37.09477909155646,0.8722209439065063,23.979613340940027,70,12544.551095874398
3164.3234012346447,6153.892961289606,57.779366194101755,0.9975141099132424,10.76369051919059,73,15562.56089803665
5248.673409660327,6098.035170044211,71.0756746257471,0.41187175115744645,16.28463633369072,29,8137.315525573794
744.0107705542672,15350.397677946637,46.929316182145286,0.7758458185269864,6.624592696133453,25,3355.0168997301253
6447.3615655644435,42839.22107416652,21.709361075384855,0.9085478199256314,9.67134722137222,25,19130.64331502967
6359.416450403351,15107.702532973337,37.80068257383198,0.7154798066518089,10.479761989399437,56,2675.515835572456
6456.113296927449,39121.84381680602,97.70323252255527,0.5980340707747946,21.999186610064108,71,19022.87195193844
9434.80606873394,35746.644364681815,72.2160086145467,0.2802538160808633,16.869227654094477,79,15234.11332582873
5190.9209402947545,43004.72293407817,98.14841195922742,0.6775609575687024,8.126339414177217,46,3920.812743842377
2387.640486221907,35999.83859225408,33.824905207652186,0.5521845584497388,9.081753223115205,23,14481.215361722792
7968.63190506232,45234.46416556105,74.57612667442874,0.5673021137021846,19.034765477545143,36,19849.238173302107
8913.611460520071,25191.21301801388,38.15766088404058,0.48100162973787775,16.277858421108046,20,17703.10214038667
1362.137757086626,45143.81100231055,80.88958359751537,0.409561917901917,9.695088434499425,77,12238.629255809712
8163.237977630464,21165.501622989454,45.195532123756635,0.17954645228606686,7.906533848410082,60,12552.238978053709
2936.758396070016,6494.139895611495,48.72206475309617,0.9115966256916058,11.909617074468915,27,3802.7899551218047
6757.93271516268,25348.95627275459,4.0646233010150095,0.30881636227792963,11.707432124349248,58,7956.465784043513
4162.928587197649,40551.36963381776,89.13128526098126,0.6474875500069945,13.155560688123254,64,7349.854049211728
4184.915001423122,8307.35362985057,17.519159968176528,0.9081272682618993,15.825402218833561,21,3784.6300209972305
1900.6128355515339,10777.743025435637,55.697595773381025,0.6109545861379491,15.089118833387108,46,5213.356206906777
9746.508595895048,22090.360108065343,98.09319501475952,0.27698822645766286,10.226660357707676,66,16720.79732419143
3699.9330635550104,26626.39597969916,19.55378246566064,0.5693041217501921,18.301119780132623,68,14154.155076116675
8304.5013406041,39572.30362390332,80.83395810605111,0.6391401284353434,20.307267277160815,18,4310.298679064506
9701.800384405626,38230.2144163097,96.43885586938586,0.8011923277562081,24.83065551654773,51,4575.115149021243
6823.112959530447,42173.04336136378,50.53971342530992,0.4869866927089538,10.04629472270306,38,4786.148627230015
168.82609225878798,21770.98326555413,88.31084807215976,0.9563416391591085,10.91648194993072,78,16750.92233694894
5991.271513932523,16668.35414895982,84.06073544408306,0.43724977345663885,7.468997316207102,20,14864.529602119199
5981.894081986138,7712.032563030238,69.5607107221737,0.3064291993339051,22.23329769398202,67,6206.428078856545
5847.82466775263,46763.76381467224,76.3397844260438,0.940374480701323,5.7962287889150765,72,11327.703179285376
2528.9561858450775,42791.10285360277,34.225434972714424,0.12578718481988907,10.838223469956144,52,18643.854972480443
2881.2516459050694,23961.065102468157,6.143701177872573,0.6836543381068193,22.31124766344407,56,19684.68645082246
1334.1605439123418,16927.08927462518,66.9934474256153,0.30386946343249516,5.26457625810588,29,5480.106205016939
1900.067175350296,36750.882763205984,53.70964754524649,0.6591632041446491,17.830089625125034,76,3466.0498320408656
6754.141919318197,12137.229738188316,15.055226986338397,0.942652559322034,15.805988135229994,35,15455.371461437087
1308.1785249633103,29277.108156890175,85.21098972627264,0.2614282138109894,22.322030907556695,78,12986.769076070457
2846.0737115132133,15227.133226841815,76.41802094639202,0.8928757050756917,16.34781888312147,39,19322.085034661723
2890.3622702566595,31682.788314571735,80.0396537113169,0.729053945638647,15.113934875627479,74,10862.60687662248
5596.488034834677,8052.667659732735,76.84041287699496,0.4184102428627924,16.5698501645866,50,7306.710290241804
7465.0682964695025,26970.851165980017,45.31966911563141,0.3591508084083932,9.972097692266127,61,6601.99201997266
3321.4570117767503,8707.14705271292,83.11007182102584,0.2487560411286617,5.831579196931875,75,18627.16512578197
5903.675336966293,38184.51959246685,98.13322944739036,0.16051076208150505,24.0680575876419,45,8882.539959109301
9401.039521485473,47258.04643308033,17.4116794761643,0.3416803804608466,21.465464253600604,51,2443.5992834538083
368.25032578448656,18389.680309346928,59.52190002259313,0.6013364619475317,12.250039690630263,34,9445.979424497726
7066.2128078622345,35610.27090940811,37.53624915433074,0.7828437890475286,23.048065522213495,42,4925.199175354213
9074.073898549015,39213.042040496075,81.30125322341362,0.46216563336938055,12.836217892343434,56,17327.669094162662
7335.588004516078,15763.104689716653,3.3359014999073837,0.3349436736113633,23.413828015572392,34,11973.78704712487
5787.283820481128,36147.260376235936,40.40252400249578,0.4352580383981193,9.39269857189138,26,13713.038918008406
5270.208274542563,14006.760991016454,1.7587392322733075,0.15990825512280057,10.926516037996002,32,13334.304714665652
613.0530145420264,24462.404524855938,97.62536850464214,0.710649971463374,6.467281349192053,26,15911.12150167706
3912.46751315906,26668.505818064754,91.05305512422265,0.20385517796102565,6.24073527257563,36,17745.38569381819
1483.746528600266,27923.995766740536,7.503791036482212,0.1556276146203004,23.300030754950544,45,18091.515034325086
6527.18199094903,34305.48396686715,88.15116145274378,0.2405859118179598,15.39223351606015,72,7204.706020174717
4976.988532479506,46892.691297814,14.780473433223856,0.2506213290131029,6.1923465068931804,24,18856.879963584062
9181.404397076203,48047.65794875561,16.57004760979182,0.40096106108987384,7.387620226763936,34,14297.160138316725
5236.496765548114,48553.70156802637,77.39106418688216,0.6198685789099804,23.695910349855666,61,10400.296804955555
5291.463666343042,12984.294626136809,95.09545788695428,0.43611215061943476,6.380738738227498,27,2709.5165321665336
3006.5592582184845,18124.816041918646,51.72401397703327,0.719768466377088,23.81007905758805,19,12728.78471859765
932.9856534509835,6106.411240646068,11.961338739305251,0.552819225296386,8.924914334123313,35,14182.760785340846
6359.827722876436,10799.144036305035,62.471928180364685,0.11972199589750807,6.7011277097848225,49,19243.479196684173
4094.4803755027306,14542.017795870199,95.55640552187845,0.6615986369760841,16.291812778669268,27,3922.7778733518307
1720.1938343704746,32684.874720395488,48.92362990130996,0.6356915507141873,8.356291912920572,78,11794.268035335816
9035.27377612771,12542.864732974294,8.099476995917449,0.18542614313950273,15.371233773314678,53,11310.89905557759
3432.382354119814,19031.725988836683,13.429471261502684,0.38579473023182964,18.262924979504177,21,16457.06920938916
830.5859908804488,41353.067387356634,13.934582038522828,0.9648281322359422,13.36779066756667,43,16807.83443264769
145.8570277455683,10462.38881717329,23.63900118075727,0.4263038169031851,10.77937049842117,56,6376.241547608036
8479.87768817173,40325.74447266756,28.195677689741306,0.9121717299574931,13.069619380539992,35,5735.206916927822
2567.993068573862,12825.286214876927,32.35940602968514,0.49096298710594877,18.276489497054502,29,11910.271421744555
5940.185099860868,24068.221414194326,30.233758910746385,0.7525054686692069,22.947714349274296,56,11930.822696359404
8087.663918745914,25420.529362263766,69.15209683072155,0.7001626521750922,5.881317231407628,29,4328.851105400616
9512.07163345817,29385.542632026118,25.450901108127983,0.8170132574722351,21.108646585999725,57,3911.8488965922115
9151.55818494894,42127.223458102795,58.79350527089705,0.24420304087885567,16.379109665637017,20,17139.731071089824
1155.322706024341,25618.40990320517,70.7822299942948,0.30188670296817366,18.26621419008004,62,4351.418868032475
2208.345198938216,15659.175153851693,71.00156124940311,0.8401430900668189,10.744424184103016,25,7527.579380484476
8644.723916168376,40385.52564869984,3.689574701330422,0.7628817055013133,18.847086123088282,27,19506.228241695262
191.05081100463352,39668.333801350695,91.88957866771591,0.8541175373666232,14.569821402143784,25,3674.31336672815
9659.757127438137,8462.894073314412,61.24419999695019,0.35006749848074104,8.124030158611985,74,2887.5617679768443
1584.1825307528604,19193.310308660573,43.84878421873746,0.938399422878533,21.550473879076343,26,19398.633864019703
9503.019141590048,32355.729175705008,84.84991656649899,0.8626491375142363,16.696556226115817,40,17359.126374209634
8888.271409307168,47831.53034404575,95.6359640665766,0.6621526433030784,6.939313419308495,22,9400.291008668826
1200.8550748308983,6367.417686357659,58.4662924983759,0.9475227879922274,22.328463670794005,21,3573.5025416795097
9615.786581856752,37212.12341069398,13.177326217250819,0.39206062015780785,6.602114532192045,59,10782.203515027433
7161.123393507651,34234.09920465658,96.48318873618035,0.9618229135754356,11.826372919001042,25,2716.348292041746
1068.5581904449145,6379.362599261272,42.47583122856007,0.6887194633250863,9.32665555261654,29,17328.465200310275
8973.724603359085,13461.113057693727,28.964770210630366,0.8496367440168052,10.959544709916875,21,2860.0645642652967
3570.81683218531,42017.644333115524,40.88445498063108,0.5125882817182942,9.621617057489924,66,11793.955230910435
6196.915970716943,24147.200050163392,67.18869202556849,0.744757400762289,12.06205777876779,26,2359.512786404506
2369.5888128031506,35966.0617738944,5.346094321657507,0.8388829155692268,5.011958776695906,76,10139.871801830926
9543.892912325615,39946.85837562838,4.432356405921849,0.4860499000871299,12.918744523918997,74,18383.530234604536
2202.157195714934,6774.206511582765,14.78529174064192,0.4176626531071209,8.868706859129652,24,13501.334395519123
6990.14464032761,33960.99628384362,14.01742286990018,0.6955158595598708,8.543070464452512,40,8507.72337973322
1772.457124414429,13634.029612343431,63.32621199228192,0.22710118903583454,8.972632277237382,23,11806.844162121772
1856.651483419256,10889.314732325744,60.50634251322306,0.6016034526157072,5.973896967998595,68,13367.798816170885
9141.081470309065,6782.847140676072,65.57020169500177,0.5820909394128208,14.548323789607075,43,6853.34015780929
3275.7226432201846,42446.03800809839,63.780071691277946,0.9343995659725846,9.805982469007335,27,5166.025101535917
229.635120224503,21747.5160726881,39.853360436718525,0.578414937418058,24.112989345329787,72,12246.143817646063
2794.2368585766308,32460.13172649386,55.71800049613598,0.7772215038278449,11.832822253812036,42,16537.265652133552
5976.565290185082,10747.106763585567,95.72318173294433,0.5385388186900457,18.55446482402641,51,17049.420214315054
642.1402243381102,33109.86059844187,1.8948084388499256,0.8386265446901013,22.763826993226083,55,14909.266046841638
5884.711688038692,19606.362345512163,46.804884901473955,0.6248717238493878,9.202143858247036,33,15772.679297502751
3409.014519087912,13374.56380308248,44.32847148667214,0.8491271856948954,24.545676463538587,62,5918.596379430184
6878.838608283405,22108.802845363567,20.846977037311877,0.9076292792118387,14.924784438016278,48,11844.479248276235
4579.151209713665,32084.671533634493,66.58096715840574,0.8275651650043219,19.789384664774545,24,9518.754205513565
3764.5711325288994,43015.245265259946,99.54831410293968,0.7267868263324965,14.083673254734121,35,13351.43530969545
3983.21604648735,35039.745468116176,24.006047982548736,0.6168588175811899,10.123830288787099,31,8418.060581183996
1645.9107139252847,29400.674247133175,48.157237596808784,0.4772645883119092,17.855901410126183,27,7035.804755966736
1450.0776083090207,40123.64818597378,5.972375134933403,0.15128085429763147,22.595048045886873,18,2632.8665048814946
5758.965625752008,46524.073573102745,13.312471501050512,0.9362302454905186,7.78508141569408,24,3305.4017051806654
2494.3376799144717,36867.74398903767,66.83350544412353,0.810363563487717,19.01222992788903,19,12162.693463225787
2592.8106831788323,25766.485908113038,98.13806038724746,0.10972997527167672,16.110991397712397,35,17862.51227027402
4863.287008362693,29728.829115275763,77.51922670573539,0.3389467666861651,24.65479081820772,41,9217.465880390331
9930.351481581074,35041.702350361316,87.12694680512081,0.8225298413420504,14.676050797212945,77,13987.048989448356
2653.2379877449043,48902.45903869617,83.71254234847724,0.21293766711923562,9.97583577478354,56,14454.692538798656
6172.810439764319,41584.3582422242,7.183301768288072,0.40175114507046616,8.48818534222999,70,3786.277968554258
547.7501602143268,26594.402913675898,65.44637324794446,0.1680252524686603,22.79826752725725,20,3174.9816361963503
5324.240979954368,19716.49227034574,53.8052762477709,0.8543394774897783,18.384380598497334,66,18780.8039105775
7070.389704182313,20903.962068622313,79.65703890458411,0.3758171212385383,19.403149218618804,38,10292.110249789877
461.8417116961393,38976.886793582526,22.864425513337885,0.4191995844865746,7.92042038593925,67,16943.651918223717
5481.173325028487,16691.59439352654,15.549308249232757,0.47007773999429125,5.779156926969284,79,4168.672803892423
8526.253048016883,10278.868503307753,67.25082603086976,0.6450741003910703,11.786105346191349,46,15273.7659456882
1480.989220455214,18380.705331764784,56.456650162722354,0.4894901916393364,9.810631703602974,40,4940.380095376817
9630.219305311459,41778.39964831222,70.52361783713476,0.1075273136891714,22.502672372423042,78,13471.43881768443
1276.297371053912,34649.84616046958,40.7761012647781,0.683775061091934,15.97176830109377,41,16492.145757583967
3741.053013920607,42161.75377541432,65.46361090328574,0.49952750905574006,15.289226554797883,69,7654.917149065498
8003.122271771074,15892.025713813737,74.61579770147942,0.8589935510090948,13.029235581780865,33,5805.762643980401
3893.071429670025,46990.09991046009,69.76494729807526,0.8815685715522407,19.97926301720797,27,18812.593840351507
8982.436003737936,31197.6707079323,90.81230803987715,0.9224095994859334,22.45718843131329,64,18475.218926826932
8054.461210810001,19633.55289011127,58.63767591281727,0.8912671953411229,16.157473513201463,36,19140.7522616007
7390.797932684756,39859.408903153184,97.75348289115887,0.9727512695181794,15.892617422142717,32,13658.960979571015
5777.035092420532,7568.908524019169,3.7261352670770833,0.4243841444273375,17.836390336028707,51,15982.78461032506
6239.312718235214,21796.330623320304,21.11908601752264,0.6461622599861252,18.899062386860955,66,4829.669904025177
4395.131327455933,37722.60813948386,36.122357891762434,0.24082904440324054,21.526816219003734,50,4589.770797016043
8230.447316252928,22751.432535651587,68.28241294077567,0.20492476710012705,11.911591717416261,24,15719.375201493478
7972.343328210166,20275.25866442627,12.270000954183539,0.4326167794840958,21.573058122365786,18,10025.95915747654
9866.5009630505,28205.5742463424,88.13551705422702,0.5511480801631564,17.086259644806397,19,11214.8953522747
4232.368931172912,37553.90511598632,17.061107172465455,0.8245812866460964,10.439091187963975,39,8293.059178538999
2448.545238186345,27363.35673076236,68.10350683069437,0.13142039739060143,21.574179676360128,36,12108.701138819495
2780.3722641211825,14608.011483980235,94.69919480189014,0.26360098049562575,7.645374301969634,30,10273.065531192677
1168.125127233714,20755.636662502853,40.201076793583034,0.4902245133693529,5.557044816421488,37,16782.669566711218
1034.985311483691,43447.32920163106,69.5567898402533,0.3381715242328216,6.0230041124079525,73,10745.940911413038
6411.81896641661,12516.527574143385,66.02123036770512,0.11385540252217763,17.11993934542051,74,6826.578133014575
657.4024292501898,14705.381857897273,49.400885347452686,0.7274222253026283,13.316371360368219,66,5616.404114339404
3624.12951864749,29991.359792193405,26.503114813038465,0.6584264065467735,10.60669505102825,78,2300.0879107933956
7150.574291340605,36215.70016016699,72.940428214962,0.3066383446785718,17.75548283691183,28,3756.980685961849
2928.5496541904213,48972.838289959276,40.11863658316754,0.5096547925602908,7.660195978146575,64,12364.264480201575
8971.303869242583,48004.3174203389,51.01547058408718,0.3228037932518978,15.509406147117863,24,5316.475728308136
8748.428378657094,19985.086087618907,32.310744823201375,0.4306516558273634,9.97079641854852,55,7401.207492297919
6157.343657751557,36383.91202610779,96.37604898714149,0.35718249213343545,13.226079441324625,22,16310.207664712467
5372.6353822607,48461.9972518949,52.608308717759755,0.6503172501030947,9.999457817376594,46,8312.776183857517
2067.285247188307,15512.348797245948,52.419200090889795,0.6490066753715371,18.52967499041209,39,10268.185800691215
4162.790938052734,22830.890850619642,85.86074644287655,0.751103036065001,24.306054472607997,78,5464.876711444887
8112.675439237285,36274.18487569442,11.318255478026419,0.3279451451704436,17.97530772318772,54,3934.1099473203462
7777.723405280604,39940.13509248761,86.81026509609403,0.8332039042389903,17.508669003331867,39,18419.73628248528
7039.594401445288,6348.8115442705075,39.55870759533961,0.45030742452260963,10.612016264758319,65,14244.512389946733
3212.124212655634,44770.36482335415,16.637527460699452,0.923093797463703,15.96290405456044,53,17099.108061774867
